<?xml version="1.0" encoding="UTF-8" standalone="yes"?>
<addon id="plugin.video.missing" name="XBMC missing" version="1.0.0" provider-name="luca">
  <requires>
    <import addon="xbmc.python" version="2.1.0"/>
	<import addon="script.module.beautifulsoup" version="3.2.1"/>
  </requires>
  <extension point="xbmc.python.pluginsource" library="missmain.py">
         <provides>video</provides>
  </extension>
  <extension point="xbmc.addon.metadata">
    <summary>XBMC missing episodes</summary>
    <description>Find missing episodes in XBMC shows.</description>
    <platform>all</platform>
  </extension>
</addon>
