<?xml version="1.0" encoding="UTF-8" standalone="yes"?>
<addon id="plugin.video.missing" name="XBMC missing" version="1.0.1" provider-name="luca">
  <requires>
   <import addon="script.module.future" version="0.0.1"/>
    <!--import addon="xbmc.python" version="3.0.0"/i-->
    <import addon="script.module.beautifulsoup4"/>
  </requires>
  <extension point="xbmc.python.pluginsource" library="missmain.py">
         <provides>video</provides>
  </extension>
  <extension point="xbmc.addon.metadata">
    <summary>XBMC missing episodes</summary>
    <description>Find missing episodes in XBMC shows.</description>
    <platform>all</platform>
  </extension>
</addon>
